Nama Mobil,Tahun,Usia Kendaraan (tahun),Harga,Transmisi,Bahan Bakar,Kapasitas Mesin (cc)
Kia Picanto GT,2023,2,377675207,Manual,Diesel,1200
Hyundai Stargazer Active,2012,13,373432726,Manual,Bensin,1500
Toyota Avanza 1.3 G M/T,2016,9,218394701,Manual,Bensin,1300
Wuling Confero S,2020,5,206744490,Manual,Diesel,1500
Mitsubishi Pajero Sport Dakar,2023,2,368469763,Manual,Diesel,2500
Daihatsu Terios R AT,2018,7,102048949,Manual,Diesel,1500
Wuling Almaz RS,2020,5,322337959,Manual,Bensin,1500
Honda Brio Satya E CVT,2022,3,319058814,Otomatis,Diesel,1200
Honda City Hatchback RS,2013,12,117387027,Otomatis,Diesel,1500
Hyundai Creta Trend,2022,3,297958076,Manual,Bensin,1500
Toyota Avanza 1.3 G M/T,2012,13,297565765,Otomatis,Diesel,1300
Mitsubishi Pajero Sport Dakar,2021,4,278460327,Manual,Bensin,2500
Hyundai Stargazer Active,2014,11,353474698,Manual,Bensin,1500
Mitsubishi Xpander GLS M/T,2018,7,297090973,Otomatis,Diesel,1500
Mitsubishi Xpander GLS M/T,2013,12,344688667,Otomatis,Diesel,1500
Toyota Avanza 1.3 G M/T,2014,11,206114624,Manual,Bensin,1300
Daihatsu Terios R AT,2016,9,184657212,Otomatis,Bensin,1500
Hyundai Stargazer Active,2016,9,317441448,Otomatis,Bensin,1500
Toyota Avanza 1.3 G M/T,2024,1,348325921,Manual,Diesel,1300
Wuling Almaz RS,2020,5,111417396,Manual,Bensin,1500
Hyundai Stargazer Active,2024,1,144125220,Manual,Bensin,1500
Toyota Avanza 1.3 G M/T,2012,13,163230030,Otomatis,Diesel,1300
Hyundai Stargazer Active,2023,2,204918836,Manual,Diesel,1500
Mazda CX-5 Elite,2023,2,283024617,Manual,Diesel,2500
Mitsubishi Xpander GLS M/T,2024,1,358194446,Otomatis,Diesel,1500
Suzuki Baleno M/T,2024,1,281945243,Manual,Bensin,1500
Wuling Confero S,2023,2,334117255,Otomatis,Bensin,1500
Honda City Hatchback RS,2012,13,285430284,Manual,Bensin,1500
Nissan Livina VE AT,2019,6,293926283,Otomatis,Diesel,1500
Hyundai Creta Trend,2017,8,293359543,Otomatis,Bensin,1500
Toyota Avanza 1.3 G M/T,2019,6,207590709,Otomatis,Diesel,1300
Wuling Confero S,2017,8,238497607,Manual,Bensin,1500
Toyota Yaris E CVT,2014,11,198091130,Otomatis,Diesel,1500
Kia Picanto GT,2023,2,306350464,Manual,Diesel,1200
Honda City Hatchback RS,2022,3,241153191,Manual,Bensin,1500
Hyundai Creta Trend,2016,9,170440721,Otomatis,Bensin,1500
Kia Picanto GT,2016,9,234129020,Otomatis,Bensin,1200
Wuling Confero S,2016,9,211094783,Otomatis,Diesel,1500
Mitsubishi Pajero Sport Dakar,2023,2,176659176,Manual,Diesel,2500
Mitsubishi Pajero Sport Dakar,2018,7,137663238,Manual,Diesel,2500
Kia Picanto GT,2012,13,203908887,Otomatis,Bensin,1200
Hyundai Creta Trend,2013,12,234800384,Manual,Bensin,1500
Honda City Hatchback RS,2012,13,280912826,Otomatis,Bensin,1500
Mitsubishi Pajero Sport Dakar,2020,5,364974226,Manual,Bensin,2500
Honda Brio Satya E CVT,2024,1,334099256,Manual,Diesel,1200
Mitsubishi Xpander GLS M/T,2021,4,281305197,Otomatis,Diesel,1500
Nissan Livina VE AT,2017,8,261841057,Manual,Diesel,1500
Hyundai Creta Trend,2023,2,388430076,Otomatis,Diesel,1500
Mitsubishi Pajero Sport Dakar,2013,12,327433269,Manual,Diesel,2500
Daihatsu Terios R AT,2023,2,242528084,Otomatis,Diesel,1500
Toyota Yaris E CVT,2017,8,221931638,Manual,Bensin,1500
Wuling Confero S,2013,12,386109218,Manual,Diesel,1500
Kia Picanto GT,2017,8,255007100,Otomatis,Diesel,1200
Honda City Hatchback RS,2020,5,204364539,Manual,Diesel,1500
Daihatsu Terios R AT,2019,6,202434651,Otomatis,Bensin,1500
Daihatsu Xenia R Deluxe,2012,13,203195090,Manual,Bensin,1300
Toyota Avanza 1.3 G M/T,2024,1,96302401,Manual,Bensin,1300
Hyundai Stargazer Active,2020,5,285918036,Otomatis,Bensin,1500
Hyundai Stargazer Active,2013,12,307026938,Otomatis,Diesel,1500
Daihatsu Terios R AT,2021,4,191692715,Manual,Bensin,1500
Wuling Almaz RS,2022,3,309231927,Otomatis,Diesel,1500
Daihatsu Terios R AT,2020,5,258920691,Manual,Diesel,1500
Hyundai Stargazer Active,2015,10,311166382,Otomatis,Bensin,1500
Wuling Confero S,2016,9,387198514,Manual,Bensin,1500
Wuling Confero S,2018,7,196136274,Otomatis,Diesel,1500
Toyota Avanza 1.3 G M/T,2020,5,177735432,Otomatis,Diesel,1300
Hyundai Stargazer Active,2023,2,252154991,Otomatis,Diesel,1500
Mazda CX-5 Elite,2022,3,161306669,Otomatis,Diesel,2500
Honda Brio Satya E CVT,2023,2,163510489,Manual,Diesel,1200
Wuling Almaz RS,2019,6,167541167,Manual,Bensin,1500
Mazda CX-5 Elite,2021,4,317431660,Manual,Diesel,2500
Mitsubishi Xpander GLS M/T,2013,12,185301687,Otomatis,Bensin,1500
Toyota Yaris E CVT,2016,9,141726464,Otomatis,Bensin,1500
Wuling Almaz RS,2017,8,234302449,Manual,Diesel,1500
Nissan Livina VE AT,2023,2,122007023,Otomatis,Diesel,1500
Daihatsu Terios R AT,2023,2,362309918,Otomatis,Bensin,1500
Toyota Yaris E CVT,2024,1,299722399,Manual,Bensin,1500
Honda City Hatchback RS,2019,6,277195933,Manual,Bensin,1500
Daihatsu Xenia R Deluxe,2012,13,315571211,Manual,Diesel,1300
Toyota Avanza 1.3 G M/T,2016,9,337334576,Manual,Diesel,1300
Kia Picanto GT,2019,6,219232802,Manual,Diesel,1200
Toyota Avanza 1.3 G M/T,2012,13,335722399,Manual,Bensin,1300
Toyota Yaris E CVT,2013,12,240871686,Otomatis,Bensin,1500
Wuling Confero S,2012,13,162880704,Otomatis,Bensin,1500
Wuling Confero S,2022,3,282048825,Otomatis,Diesel,1500
Mazda 2 R AT,2013,12,300833771,Manual,Diesel,1500
Hyundai Stargazer Active,2022,3,316486076,Manual,Diesel,1500
Mazda 2 R AT,2020,5,122624114,Manual,Bensin,1500
Mazda 2 R AT,2014,11,348467794,Manual,Diesel,1500
Wuling Almaz RS,2018,7,307912712,Manual,Diesel,1500
Honda City Hatchback RS,2019,6,247481091,Otomatis,Diesel,1500
Daihatsu Xenia R Deluxe,2018,7,261792270,Otomatis,Bensin,1300
Nissan Livina VE AT,2018,7,272447908,Manual,Diesel,1500
Suzuki Baleno M/T,2022,3,376689964,Manual,Diesel,1500
Mitsubishi Pajero Sport Dakar,2015,10,316833268,Manual,Bensin,2500
Mazda 2 R AT,2020,5,90300064,Manual,Bensin,1500
Daihatsu Xenia R Deluxe,2014,11,177209475,Otomatis,Bensin,1300
Suzuki Baleno M/T,2015,10,225937554,Manual,Bensin,1500
Honda City Hatchback RS,2024,1,193805250,Otomatis,Bensin,1500
Suzuki Ertiga GL M/T,2012,13,147978475,Otomatis,Diesel,1500
Toyota Avanza 1.3 G M/T,2024,1,323925392,Otomatis,Diesel,1300
Suzuki Baleno M/T,2015,10,289548470,Manual,Bensin,1500
Wuling Confero S,2015,10,90259029,Manual,Bensin,1500
Mitsubishi Xpander GLS M/T,2020,5,259444231,Manual,Bensin,1500
Honda City Hatchback RS,2021,4,361163227,Otomatis,Bensin,1500
Hyundai Creta Trend,2019,6,221392641,Manual,Bensin,1500
Mazda CX-5 Elite,2016,9,152652147,Otomatis,Diesel,2500
Mitsubishi Xpander GLS M/T,2015,10,291874558,Otomatis,Bensin,1500
Mazda CX-5 Elite,2020,5,354720020,Manual,Diesel,2500
Hyundai Creta Trend,2023,2,376889305,Manual,Bensin,1500
Honda Brio Satya E CVT,2013,12,211368564,Manual,Diesel,1200
Suzuki Ertiga GL M/T,2024,1,259493395,Manual,Bensin,1500
Mazda 2 R AT,2020,5,199156919,Manual,Diesel,1500
Daihatsu Xenia R Deluxe,2022,3,394715615,Manual,Diesel,1300
Kia Picanto GT,2016,9,352213582,Manual,Bensin,1200
Mazda 2 R AT,2012,13,196525457,Manual,Bensin,1500
Daihatsu Xenia R Deluxe,2013,12,90779516,Manual,Diesel,1300
Toyota Avanza 1.3 G M/T,2019,6,369262905,Manual,Bensin,1300
Wuling Almaz RS,2020,5,101305457,Otomatis,Bensin,1500
Kia Picanto GT,2015,10,104988178,Manual,Diesel,1200
Honda Brio Satya E CVT,2019,6,124493604,Manual,Bensin,1200
Toyota Yaris E CVT,2016,9,283932217,Otomatis,Bensin,1500
Hyundai Stargazer Active,2022,3,296657106,Manual,Diesel,1500
Hyundai Creta Trend,2024,1,257733606,Manual,Diesel,1500
Hyundai Stargazer Active,2015,10,105197724,Manual,Diesel,1500
Suzuki Baleno M/T,2019,6,394599975,Manual,Bensin,1500
Suzuki Baleno M/T,2016,9,170592061,Manual,Bensin,1500
Toyota Avanza 1.3 G M/T,2015,10,317347331,Otomatis,Diesel,1300
Honda Brio Satya E CVT,2023,2,179933482,Otomatis,Bensin,1200
Kia Picanto GT,2017,8,366628367,Otomatis,Bensin,1200
Honda City Hatchback RS,2023,2,301361906,Otomatis,Diesel,1500
Mitsubishi Xpander GLS M/T,2012,13,200455070,Manual,Bensin,1500
Honda City Hatchback RS,2022,3,97419764,Otomatis,Diesel,1500
Daihatsu Xenia R Deluxe,2022,3,201407529,Otomatis,Bensin,1300
Suzuki Baleno M/T,2021,4,295874328,Manual,Diesel,1500
Hyundai Stargazer Active,2019,6,308038308,Otomatis,Bensin,1500
Mazda 2 R AT,2016,9,260181574,Otomatis,Diesel,1500
Mitsubishi Pajero Sport Dakar,2021,4,185316398,Manual,Diesel,2500
Wuling Confero S,2024,1,152073720,Manual,Bensin,1500
Honda City Hatchback RS,2017,8,156135397,Otomatis,Diesel,1500
Suzuki Baleno M/T,2015,10,372286306,Manual,Diesel,1500
Daihatsu Xenia R Deluxe,2014,11,125691142,Manual,Bensin,1300
Toyota Avanza 1.3 G M/T,2024,1,396080410,Otomatis,Bensin,1300
Mitsubishi Pajero Sport Dakar,2019,6,169565065,Manual,Diesel,2500
Mazda 2 R AT,2020,5,98906934,Manual,Diesel,1500
Mitsubishi Pajero Sport Dakar,2019,6,346535132,Otomatis,Bensin,2500
Mitsubishi Pajero Sport Dakar,2022,3,311079344,Manual,Diesel,2500
Mitsubishi Pajero Sport Dakar,2018,7,262899495,Manual,Bensin,2500
Mazda CX-5 Elite,2022,3,287088990,Otomatis,Diesel,2500
Hyundai Stargazer Active,2021,4,173837465,Manual,Bensin,1500
Mitsubishi Xpander GLS M/T,2020,5,102593529,Manual,Diesel,1500
Mitsubishi Xpander GLS M/T,2013,12,100389028,Manual,Diesel,1500
Mazda CX-5 Elite,2014,11,369543132,Otomatis,Diesel,2500
Kia Picanto GT,2015,10,215261287,Otomatis,Diesel,1200
Hyundai Stargazer Active,2014,11,342446549,Manual,Diesel,1500
Wuling Confero S,2019,6,105995133,Manual,Diesel,1500
Honda Brio Satya E CVT,2020,5,190774061,Manual,Bensin,1200
Mazda CX-5 Elite,2018,7,215698227,Manual,Diesel,2500
Wuling Confero S,2020,5,231798620,Manual,Bensin,1500
Toyota Yaris E CVT,2012,13,206188472,Otomatis,Bensin,1500
Nissan Livina VE AT,2020,5,189727328,Otomatis,Bensin,1500
Mitsubishi Xpander GLS M/T,2020,5,117221364,Manual,Bensin,1500
Suzuki Ertiga GL M/T,2014,11,364370017,Otomatis,Diesel,1500
Mazda 2 R AT,2022,3,257046688,Otomatis,Diesel,1500
Mitsubishi Xpander GLS M/T,2017,8,109520234,Otomatis,Diesel,1500
Daihatsu Terios R AT,2012,13,154462521,Manual,Diesel,1500
Mitsubishi Pajero Sport Dakar,2015,10,327860692,Manual,Diesel,2500
Honda Brio Satya E CVT,2024,1,220616283,Manual,Bensin,1200
Mazda CX-5 Elite,2017,8,174951066,Otomatis,Diesel,2500
Mazda CX-5 Elite,2018,7,141660448,Manual,Diesel,2500
Toyota Yaris E CVT,2012,13,369754837,Manual,Bensin,1500
Toyota Yaris E CVT,2015,10,238844410,Otomatis,Diesel,1500
Nissan Livina VE AT,2014,11,192482761,Otomatis,Diesel,1500
Mazda CX-5 Elite,2016,9,143497510,Otomatis,Diesel,2500
Mitsubishi Pajero Sport Dakar,2014,11,250409429,Manual,Bensin,2500
Wuling Confero S,2020,5,134427447,Manual,Diesel,1500
Mitsubishi Pajero Sport Dakar,2021,4,324126892,Otomatis,Diesel,2500
Toyota Yaris E CVT,2022,3,147469742,Manual,Diesel,1500
Wuling Confero S,2021,4,209873325,Otomatis,Diesel,1500
Wuling Confero S,2020,5,268916028,Otomatis,Bensin,1500
Hyundai Creta Trend,2023,2,130797158,Otomatis,Diesel,1500
Mazda CX-5 Elite,2015,10,180622333,Manual,Diesel,2500
Hyundai Stargazer Active,2016,9,336819607,Otomatis,Diesel,1500
Kia Picanto GT,2019,6,245201154,Manual,Diesel,1200
Mazda CX-5 Elite,2019,6,210863320,Manual,Diesel,2500
Mazda CX-5 Elite,2014,11,295046452,Otomatis,Diesel,2500
Mazda CX-5 Elite,2013,12,153892959,Otomatis,Bensin,2500
Hyundai Creta Trend,2024,1,107826883,Manual,Diesel,1500
Mitsubishi Xpander GLS M/T,2019,6,123224416,Otomatis,Diesel,1500
Wuling Confero S,2018,7,375137487,Manual,Diesel,1500
Honda City Hatchback RS,2016,9,370542085,Manual,Bensin,1500
Mazda 2 R AT,2019,6,152432342,Manual,Bensin,1500
Wuling Almaz RS,2022,3,220178346,Otomatis,Diesel,1500
Mitsubishi Pajero Sport Dakar,2016,9,158388138,Manual,Diesel,2500
Mitsubishi Pajero Sport Dakar,2016,9,384115555,Otomatis,Bensin,2500
Mitsubishi Pajero Sport Dakar,2022,3,151968517,Otomatis,Diesel,2500
Hyundai Stargazer Active,2012,13,260792726,Manual,Bensin,1500
Daihatsu Xenia R Deluxe,2013,12,273063072,Manual,Bensin,1300
Mitsubishi Pajero Sport Dakar,2016,9,350145777,Otomatis,Diesel,2500
Suzuki Baleno M/T,2014,11,192625598,Otomatis,Diesel,1500
Honda Brio Satya E CVT,2020,5,263588798,Otomatis,Bensin,1200
Suzuki Baleno M/T,2017,8,221546363,Otomatis,Diesel,1500
Kia Picanto GT,2024,1,291579492,Manual,Bensin,1200
Daihatsu Xenia R Deluxe,2022,3,150575406,Otomatis,Bensin,1300
Hyundai Creta Trend,2014,11,184832799,Otomatis,Bensin,1500
Toyota Avanza 1.3 G M/T,2016,9,109717289,Manual,Bensin,1300
Mazda 2 R AT,2020,5,209863767,Otomatis,Bensin,1500
Hyundai Creta Trend,2016,9,115517657,Manual,Diesel,1500
Mazda CX-5 Elite,2019,6,161412659,Manual,Bensin,2500
Wuling Confero S,2023,2,387770569,Manual,Bensin,1500
Suzuki Ertiga GL M/T,2022,3,158389008,Otomatis,Diesel,1500
Toyota Yaris E CVT,2024,1,198563438,Manual,Diesel,1500
Toyota Yaris E CVT,2021,4,90815982,Otomatis,Bensin,1500
Wuling Confero S,2019,6,163623516,Manual,Diesel,1500
Suzuki Ertiga GL M/T,2023,2,258544914,Manual,Bensin,1500
Mitsubishi Pajero Sport Dakar,2019,6,146069141,Otomatis,Bensin,2500
Suzuki Baleno M/T,2013,12,171798092,Otomatis,Diesel,1500
Mitsubishi Pajero Sport Dakar,2018,7,324622945,Manual,Bensin,2500
Hyundai Creta Trend,2017,8,113023359,Manual,Bensin,1500
Hyundai Stargazer Active,2016,9,308937744,Otomatis,Bensin,1500
Mazda CX-5 Elite,2013,12,236166877,Manual,Bensin,2500
Hyundai Creta Trend,2022,3,144735417,Otomatis,Diesel,1500
Nissan Livina VE AT,2017,8,232235605,Otomatis,Bensin,1500
Daihatsu Terios R AT,2017,8,246036502,Manual,Diesel,1500
Mazda CX-5 Elite,2021,4,171878777,Manual,Diesel,2500
Nissan Livina VE AT,2023,2,336366650,Otomatis,Bensin,1500
Wuling Almaz RS,2022,3,321140932,Manual,Diesel,1500
Hyundai Stargazer Active,2022,3,314727453,Manual,Diesel,1500
Mazda 2 R AT,2017,8,310380947,Manual,Bensin,1500
Suzuki Baleno M/T,2014,11,332079929,Manual,Bensin,1500
Wuling Confero S,2012,13,104720841,Otomatis,Bensin,1500
Mitsubishi Pajero Sport Dakar,2018,7,310629228,Manual,Diesel,2500
Kia Picanto GT,2012,13,231656983,Manual,Diesel,1200
Daihatsu Terios R AT,2016,9,386933632,Otomatis,Diesel,1500
Mitsubishi Xpander GLS M/T,2022,3,194051051,Manual,Bensin,1500
Mazda CX-5 Elite,2018,7,166301975,Manual,Diesel,2500
Toyota Yaris E CVT,2014,11,167348387,Manual,Diesel,1500
Mitsubishi Pajero Sport Dakar,2013,12,227582600,Otomatis,Bensin,2500
Mitsubishi Pajero Sport Dakar,2013,12,121536022,Otomatis,Diesel,2500
Mazda CX-5 Elite,2014,11,233486721,Manual,Bensin,2500
Toyota Avanza 1.3 G M/T,2016,9,118322563,Otomatis,Bensin,1300
Hyundai Creta Trend,2023,2,277071225,Otomatis,Bensin,1500
Mitsubishi Pajero Sport Dakar,2023,2,353045359,Manual,Bensin,2500
Toyota Avanza 1.3 G M/T,2014,11,380241783,Otomatis,Bensin,1300
Hyundai Stargazer Active,2022,3,271581027,Manual,Diesel,1500
Mazda 2 R AT,2016,9,270989013,Otomatis,Diesel,1500
Kia Picanto GT,2012,13,99807477,Manual,Bensin,1200
Mazda CX-5 Elite,2017,8,131596583,Manual,Diesel,2500
Mazda CX-5 Elite,2018,7,299408257,Manual,Diesel,2500
Daihatsu Terios R AT,2018,7,140780133,Otomatis,Bensin,1500
Toyota Avanza 1.3 G M/T,2018,7,267164922,Manual,Diesel,1300
Mazda CX-5 Elite,2020,5,182592978,Manual,Bensin,2500
Kia Picanto GT,2016,9,221037810,Manual,Bensin,1200
Honda Brio Satya E CVT,2015,10,193803200,Manual,Bensin,1200
Hyundai Creta Trend,2016,9,334501471,Manual,Diesel,1500
Daihatsu Xenia R Deluxe,2012,13,154461747,Manual,Diesel,1300
Suzuki Ertiga GL M/T,2023,2,124966797,Manual,Diesel,1500
Honda Brio Satya E CVT,2021,4,90365018,Manual,Bensin,1200
Nissan Livina VE AT,2016,9,220770523,Manual,Bensin,1500
Mitsubishi Pajero Sport Dakar,2024,1,243457529,Otomatis,Bensin,2500
Toyota Avanza 1.3 G M/T,2019,6,92833999,Otomatis,Diesel,1300
Suzuki Baleno M/T,2015,10,272808859,Manual,Diesel,1500
Hyundai Creta Trend,2019,6,308203360,Manual,Bensin,1500
Nissan Livina VE AT,2024,1,325550696,Manual,Bensin,1500
Suzuki Baleno M/T,2023,2,167225521,Manual,Bensin,1500
Wuling Almaz RS,2017,8,391510503,Manual,Diesel,1500
Daihatsu Terios R AT,2016,9,202235676,Manual,Bensin,1500
Mazda 2 R AT,2019,6,216245224,Otomatis,Diesel,1500
Toyota Yaris E CVT,2015,10,322050312,Manual,Bensin,1500
Toyota Yaris E CVT,2022,3,155296350,Otomatis,Bensin,1500
Nissan Livina VE AT,2012,13,254710230,Otomatis,Bensin,1500
Daihatsu Terios R AT,2024,1,278409412,Manual,Bensin,1500
Nissan Livina VE AT,2021,4,333847346,Manual,Bensin,1500
Honda Brio Satya E CVT,2015,10,255493871,Manual,Diesel,1200
Mitsubishi Pajero Sport Dakar,2022,3,199164459,Manual,Bensin,2500
Mazda CX-5 Elite,2022,3,344200829,Manual,Bensin,2500
Daihatsu Terios R AT,2017,8,129246269,Otomatis,Bensin,1500
Suzuki Baleno M/T,2019,6,218013306,Otomatis,Bensin,1500
Mazda CX-5 Elite,2024,1,156947859,Manual,Bensin,2500
Daihatsu Xenia R Deluxe,2023,2,362202376,Otomatis,Bensin,1300
Honda Brio Satya E CVT,2021,4,168241018,Otomatis,Bensin,1200
Mazda 2 R AT,2012,13,127507965,Manual,Bensin,1500
Wuling Almaz RS,2021,4,243995237,Otomatis,Diesel,1500
Hyundai Creta Trend,2020,5,245468994,Manual,Bensin,1500
Mitsubishi Xpander GLS M/T,2023,2,181466342,Manual,Diesel,1500
Kia Picanto GT,2015,10,379419767,Manual,Bensin,1200
Daihatsu Xenia R Deluxe,2022,3,363745308,Manual,Diesel,1300
Daihatsu Xenia R Deluxe,2019,6,350452062,Otomatis,Bensin,1300
Suzuki Ertiga GL M/T,2013,12,131007545,Manual,Diesel,1500
Suzuki Ertiga GL M/T,2019,6,264487373,Otomatis,Diesel,1500
Mazda CX-5 Elite,2017,8,138514055,Otomatis,Bensin,2500
Suzuki Ertiga GL M/T,2018,7,210827559,Otomatis,Diesel,1500
Toyota Avanza 1.3 G M/T,2021,4,338406209,Manual,Bensin,1300
Hyundai Stargazer Active,2017,8,230779324,Otomatis,Bensin,1500
Suzuki Ertiga GL M/T,2017,8,276634610,Manual,Bensin,1500
Wuling Confero S,2013,12,130762244,Manual,Diesel,1500
Daihatsu Xenia R Deluxe,2014,11,386805994,Manual,Bensin,1300
Hyundai Creta Trend,2018,7,144023483,Manual,Bensin,1500
Mazda 2 R AT,2013,12,229252271,Manual,Bensin,1500
Toyota Yaris E CVT,2019,6,193031515,Otomatis,Diesel,1500
Wuling Almaz RS,2018,7,217477177,Manual,Diesel,1500
Daihatsu Terios R AT,2022,3,311638649,Otomatis,Bensin,1500
Mazda 2 R AT,2023,2,336768532,Manual,Diesel,1500
Wuling Confero S,2013,12,218227199,Otomatis,Bensin,1500
Toyota Avanza 1.3 G M/T,2015,10,326217040,Manual,Bensin,1300
Suzuki Ertiga GL M/T,2022,3,181170873,Manual,Bensin,1500
Nissan Livina VE AT,2019,6,226466252,Manual,Bensin,1500
Toyota Yaris E CVT,2024,1,321332785,Otomatis,Bensin,1500
Mitsubishi Pajero Sport Dakar,2022,3,182446913,Manual,Bensin,2500
Hyundai Creta Trend,2024,1,130500134,Otomatis,Diesel,1500
Kia Picanto GT,2019,6,116409362,Otomatis,Diesel,1200
Hyundai Creta Trend,2021,4,261675906,Manual,Diesel,1500
Nissan Livina VE AT,2013,12,299833629,Otomatis,Diesel,1500
Mitsubishi Xpander GLS M/T,2023,2,275466404,Manual,Bensin,1500
Mitsubishi Pajero Sport Dakar,2020,5,291257146,Otomatis,Bensin,2500
Mazda 2 R AT,2024,1,254209784,Manual,Diesel,1500
Honda City Hatchback RS,2019,6,224334055,Otomatis,Diesel,1500
Mitsubishi Pajero Sport Dakar,2018,7,246342339,Manual,Diesel,2500
Toyota Avanza 1.3 G M/T,2020,5,193122086,Manual,Bensin,1300
Wuling Almaz RS,2016,9,164743808,Otomatis,Diesel,1500
Toyota Avanza 1.3 G M/T,2016,9,92508893,Otomatis,Bensin,1300
Toyota Yaris E CVT,2023,2,121113004,Manual,Bensin,1500
Honda Brio Satya E CVT,2018,7,187363355,Otomatis,Diesel,1200
Hyundai Stargazer Active,2024,1,297281207,Manual,Diesel,1500
Nissan Livina VE AT,2020,5,294241681,Manual,Diesel,1500
Mazda CX-5 Elite,2024,1,358435931,Otomatis,Diesel,2500
Hyundai Stargazer Active,2018,7,127301048,Otomatis,Bensin,1500
Mitsubishi Xpander GLS M/T,2021,4,364586284,Manual,Diesel,1500
Daihatsu Xenia R Deluxe,2022,3,198698726,Otomatis,Bensin,1300
Wuling Almaz RS,2012,13,288441927,Otomatis,Bensin,1500
Mazda CX-5 Elite,2013,12,350521890,Otomatis,Bensin,2500
Toyota Yaris E CVT,2020,5,236171566,Otomatis,Diesel,1500
Mitsubishi Xpander GLS M/T,2019,6,393965084,Manual,Bensin,1500
Mitsubishi Xpander GLS M/T,2012,13,280678782,Manual,Bensin,1500
Hyundai Creta Trend,2024,1,395735997,Otomatis,Bensin,1500
Toyota Avanza 1.3 G M/T,2022,3,388043064,Otomatis,Diesel,1300
Daihatsu Terios R AT,2021,4,295963951,Manual,Bensin,1500
Nissan Livina VE AT,2016,9,392020133,Manual,Diesel,1500
Honda Brio Satya E CVT,2023,2,336912111,Manual,Bensin,1200
Wuling Confero S,2022,3,346083178,Manual,Bensin,1500
Mazda 2 R AT,2024,1,149112305,Manual,Bensin,1500
Wuling Almaz RS,2020,5,215567269,Otomatis,Diesel,1500
Mazda CX-5 Elite,2016,9,212659742,Otomatis,Diesel,2500
Mazda CX-5 Elite,2022,3,194951565,Manual,Bensin,2500
Suzuki Baleno M/T,2021,4,331741094,Manual,Diesel,1500
Daihatsu Terios R AT,2018,7,222840704,Manual,Diesel,1500
Daihatsu Terios R AT,2023,2,242288175,Otomatis,Diesel,1500
Nissan Livina VE AT,2020,5,229239152,Manual,Diesel,1500
Daihatsu Xenia R Deluxe,2018,7,103853054,Otomatis,Diesel,1300
Kia Picanto GT,2022,3,245695181,Otomatis,Bensin,1200
Toyota Avanza 1.3 G M/T,2022,3,208857438,Otomatis,Diesel,1300
Mitsubishi Xpander GLS M/T,2021,4,298487812,Otomatis,Bensin,1500
Toyota Yaris E CVT,2021,4,151264012,Otomatis,Diesel,1500
Toyota Avanza 1.3 G M/T,2012,13,233032090,Manual,Bensin,1300
Suzuki Ertiga GL M/T,2020,5,204300090,Manual,Bensin,1500
Nissan Livina VE AT,2021,4,101778262,Otomatis,Diesel,1500
Honda City Hatchback RS,2023,2,179506247,Manual,Bensin,1500
Daihatsu Xenia R Deluxe,2014,11,303515952,Manual,Diesel,1300
Wuling Almaz RS,2024,1,183894582,Otomatis,Bensin,1500
Toyota Avanza 1.3 G M/T,2013,12,344505358,Otomatis,Bensin,1300
Kia Picanto GT,2015,10,112872612,Otomatis,Bensin,1200
Kia Picanto GT,2013,12,152517209,Manual,Bensin,1200
Mazda 2 R AT,2013,12,243039077,Manual,Bensin,1500
Honda Brio Satya E CVT,2014,11,244321954,Otomatis,Bensin,1200
Nissan Livina VE AT,2017,8,275553117,Manual,Bensin,1500
Nissan Livina VE AT,2018,7,392829151,Otomatis,Diesel,1500
Suzuki Baleno M/T,2024,1,99364538,Otomatis,Bensin,1500
Daihatsu Xenia R Deluxe,2022,3,302125220,Manual,Bensin,1300
Honda Brio Satya E CVT,2019,6,295382495,Manual,Bensin,1200
Mitsubishi Xpander GLS M/T,2014,11,277064235,Manual,Diesel,1500
Mitsubishi Xpander GLS M/T,2024,1,255831923,Otomatis,Diesel,1500
Honda City Hatchback RS,2017,8,255750379,Otomatis,Bensin,1500
Wuling Almaz RS,2023,2,251978389,Otomatis,Diesel,1500
Honda City Hatchback RS,2019,6,311534650,Otomatis,Bensin,1500
Hyundai Creta Trend,2018,7,191395449,Otomatis,Diesel,1500
Mitsubishi Pajero Sport Dakar,2024,1,143459745,Otomatis,Diesel,2500
Suzuki Baleno M/T,2020,5,126321307,Otomatis,Bensin,1500
Daihatsu Terios R AT,2016,9,141723252,Manual,Bensin,1500
Mitsubishi Pajero Sport Dakar,2018,7,265351695,Otomatis,Diesel,2500
Suzuki Baleno M/T,2022,3,359763093,Manual,Diesel,1500
Mazda 2 R AT,2018,7,159363592,Manual,Bensin,1500
Honda City Hatchback RS,2015,10,160052648,Manual,Diesel,1500
Mazda 2 R AT,2013,12,209355864,Manual,Diesel,1500
Suzuki Ertiga GL M/T,2024,1,152609267,Otomatis,Diesel,1500
Hyundai Stargazer Active,2020,5,294810818,Manual,Diesel,1500
Mazda 2 R AT,2019,6,264768328,Otomatis,Bensin,1500
Mitsubishi Pajero Sport Dakar,2015,10,118652908,Manual,Diesel,2500
Wuling Confero S,2023,2,220075930,Manual,Bensin,1500
Wuling Confero S,2014,11,210744156,Manual,Bensin,1500
Toyota Avanza 1.3 G M/T,2016,9,251370637,Manual,Bensin,1300
Daihatsu Terios R AT,2017,8,256245299,Otomatis,Bensin,1500
Toyota Yaris E CVT,2020,5,342021761,Manual,Bensin,1500
Wuling Almaz RS,2020,5,286906652,Manual,Bensin,1500
Wuling Confero S,2018,7,189969183,Manual,Bensin,1500
Mitsubishi Pajero Sport Dakar,2018,7,318137012,Manual,Bensin,2500
Mitsubishi Pajero Sport Dakar,2022,3,154181027,Otomatis,Bensin,2500
Mazda CX-5 Elite,2014,11,304926409,Otomatis,Bensin,2500
Hyundai Creta Trend,2018,7,223414680,Manual,Bensin,1500
Toyota Yaris E CVT,2020,5,299570809,Otomatis,Diesel,1500
Hyundai Creta Trend,2014,11,209405650,Manual,Diesel,1500
Mitsubishi Xpander GLS M/T,2012,13,270905697,Manual,Bensin,1500
Toyota Avanza 1.3 G M/T,2013,12,304752546,Otomatis,Diesel,1300
Nissan Livina VE AT,2021,4,213601983,Manual,Diesel,1500
Nissan Livina VE AT,2017,8,260435879,Manual,Diesel,1500
Hyundai Creta Trend,2015,10,234567206,Manual,Diesel,1500
Daihatsu Xenia R Deluxe,2018,7,342113842,Manual,Bensin,1300
Nissan Livina VE AT,2018,7,114555540,Otomatis,Bensin,1500
Mitsubishi Pajero Sport Dakar,2016,9,284033618,Otomatis,Bensin,2500
Hyundai Creta Trend,2020,5,234894137,Manual,Bensin,1500
Mitsubishi Xpander GLS M/T,2015,10,168120831,Otomatis,Diesel,1500
Honda Brio Satya E CVT,2024,1,110609818,Otomatis,Bensin,1200
Hyundai Creta Trend,2014,11,277291961,Otomatis,Diesel,1500
Mazda CX-5 Elite,2024,1,268548628,Otomatis,Bensin,2500
Toyota Avanza 1.3 G M/T,2020,5,192272124,Manual,Diesel,1300
Daihatsu Xenia R Deluxe,2018,7,118646991,Otomatis,Bensin,1300
Daihatsu Terios R AT,2024,1,380027079,Manual,Bensin,1500
Honda City Hatchback RS,2024,1,232569927,Otomatis,Diesel,1500
Wuling Confero S,2020,5,266973163,Manual,Diesel,1500
Mitsubishi Pajero Sport Dakar,2021,4,267120938,Manual,Bensin,2500
Wuling Almaz RS,2021,4,160431555,Manual,Diesel,1500
Hyundai Stargazer Active,2012,13,143914694,Manual,Bensin,1500
Daihatsu Terios R AT,2013,12,342841973,Otomatis,Diesel,1500
Kia Picanto GT,2017,8,245958809,Manual,Diesel,1200
Wuling Confero S,2016,9,393959889,Otomatis,Diesel,1500
Mazda CX-5 Elite,2021,4,282674419,Otomatis,Bensin,2500
Kia Picanto GT,2013,12,291355286,Otomatis,Diesel,1200
Kia Picanto GT,2012,13,129360213,Otomatis,Bensin,1200
Nissan Livina VE AT,2022,3,201706647,Manual,Diesel,1500
Kia Picanto GT,2016,9,294130117,Otomatis,Bensin,1200
Nissan Livina VE AT,2022,3,363876520,Otomatis,Bensin,1500
Mitsubishi Pajero Sport Dakar,2021,4,323914991,Otomatis,Diesel,2500
Mazda 2 R AT,2020,5,336235392,Otomatis,Diesel,1500
Mazda CX-5 Elite,2022,3,329018463,Manual,Bensin,2500
Honda Brio Satya E CVT,2012,13,341517012,Manual,Diesel,1200
Toyota Avanza 1.3 G M/T,2014,11,387566143,Manual,Diesel,1300
Kia Picanto GT,2012,13,192046497,Otomatis,Diesel,1200
Honda Brio Satya E CVT,2019,6,298221176,Manual,Diesel,1200
Suzuki Baleno M/T,2016,9,132905630,Otomatis,Diesel,1500
Kia Picanto GT,2015,10,386586262,Otomatis,Bensin,1200
Mitsubishi Xpander GLS M/T,2023,2,368130061,Manual,Diesel,1500
Nissan Livina VE AT,2022,3,331181130,Manual,Bensin,1500
Honda Brio Satya E CVT,2023,2,329287660,Otomatis,Diesel,1200
Toyota Avanza 1.3 G M/T,2018,7,171595087,Manual,Diesel,1300
Mitsubishi Xpander GLS M/T,2023,2,312381956,Manual,Diesel,1500
Daihatsu Terios R AT,2020,5,144420208,Otomatis,Bensin,1500
Suzuki Baleno M/T,2016,9,171769837,Otomatis,Diesel,1500
Wuling Almaz RS,2018,7,366425092,Otomatis,Bensin,1500
Honda Brio Satya E CVT,2018,7,272504168,Manual,Bensin,1200
Suzuki Ertiga GL M/T,2024,1,175938241,Manual,Diesel,1500
Wuling Confero S,2018,7,190009295,Otomatis,Bensin,1500
Suzuki Ertiga GL M/T,2018,7,292876843,Otomatis,Bensin,1500
Mitsubishi Pajero Sport Dakar,2022,3,376732540,Otomatis,Diesel,2500
Suzuki Baleno M/T,2019,6,288961958,Otomatis,Bensin,1500
Honda City Hatchback RS,2019,6,332649767,Manual,Bensin,1500
Daihatsu Terios R AT,2015,10,168300836,Otomatis,Diesel,1500
Nissan Livina VE AT,2022,3,155998145,Otomatis,Bensin,1500
Daihatsu Xenia R Deluxe,2012,13,131176355,Manual,Diesel,1300
Mitsubishi Pajero Sport Dakar,2014,11,128851589,Manual,Diesel,2500
Wuling Confero S,2016,9,388676944,Manual,Bensin,1500
Hyundai Stargazer Active,2017,8,142144632,Otomatis,Diesel,1500
Honda Brio Satya E CVT,2015,10,112710687,Otomatis,Bensin,1200
Hyundai Creta Trend,2023,2,328108001,Manual,Bensin,1500
Honda Brio Satya E CVT,2021,4,361747726,Otomatis,Bensin,1200
Mazda 2 R AT,2019,6,378608226,Manual,Bensin,1500
Honda Brio Satya E CVT,2012,13,351264608,Manual,Bensin,1200
Mazda 2 R AT,2017,8,90228501,Manual,Diesel,1500
Mazda 2 R AT,2015,10,346368067,Manual,Diesel,1500
Honda Brio Satya E CVT,2024,1,365353336,Otomatis,Diesel,1200
Mazda 2 R AT,2022,3,281473117,Manual,Bensin,1500
Mitsubishi Xpander GLS M/T,2019,6,380926374,Manual,Bensin,1500
Daihatsu Terios R AT,2021,4,339273892,Otomatis,Diesel,1500
Nissan Livina VE AT,2014,11,307431221,Otomatis,Bensin,1500
Honda Brio Satya E CVT,2015,10,131869161,Manual,Bensin,1200
Toyota Yaris E CVT,2022,3,379548935,Manual,Bensin,1500
Kia Picanto GT,2017,8,206234904,Otomatis,Bensin,1200
Mitsubishi Pajero Sport Dakar,2023,2,342595425,Manual,Diesel,2500
Mazda CX-5 Elite,2018,7,390362390,Otomatis,Diesel,2500
Hyundai Stargazer Active,2020,5,275693585,Otomatis,Bensin,1500
Toyota Avanza 1.3 G M/T,2019,6,166574141,Manual,Bensin,1300
Suzuki Ertiga GL M/T,2013,12,144059257,Otomatis,Diesel,1500
Hyundai Creta Trend,2016,9,340834784,Otomatis,Bensin,1500
Toyota Yaris E CVT,2020,5,184561073,Manual,Diesel,1500
Mitsubishi Pajero Sport Dakar,2012,13,369330631,Otomatis,Diesel,2500
Daihatsu Terios R AT,2021,4,395061812,Manual,Bensin,1500
Mitsubishi Xpander GLS M/T,2012,13,233301609,Manual,Diesel,1500
Toyota Yaris E CVT,2017,8,278094378,Otomatis,Bensin,1500
Kia Picanto GT,2022,3,139099757,Otomatis,Bensin,1200
Toyota Avanza 1.3 G M/T,2023,2,284463488,Otomatis,Bensin,1300
Toyota Yaris E CVT,2014,11,370116330,Otomatis,Diesel,1500
Toyota Avanza 1.3 G M/T,2017,8,376944554,Otomatis,Diesel,1300
Daihatsu Terios R AT,2023,2,202714031,Manual,Diesel,1500
Honda City Hatchback RS,2013,12,357817376,Otomatis,Diesel,1500
Toyota Avanza 1.3 G M/T,2023,2,368427769,Manual,Bensin,1300
Mazda 2 R AT,2017,8,204199659,Manual,Bensin,1500
Mitsubishi Pajero Sport Dakar,2019,6,266389928,Manual,Diesel,2500
Honda Brio Satya E CVT,2023,2,225180696,Otomatis,Diesel,1200
Suzuki Baleno M/T,2023,2,233929316,Manual,Diesel,1500
Hyundai Stargazer Active,2024,1,147364271,Manual,Diesel,1500
Toyota Yaris E CVT,2012,13,137613709,Manual,Diesel,1500
Honda Brio Satya E CVT,2018,7,269252946,Manual,Bensin,1200
Suzuki Baleno M/T,2014,11,197204798,Manual,Bensin,1500
Wuling Confero S,2016,9,129220353,Otomatis,Bensin,1500
Honda City Hatchback RS,2013,12,211173470,Otomatis,Bensin,1500
Honda Brio Satya E CVT,2013,12,146568489,Otomatis,Diesel,1200
Mitsubishi Xpander GLS M/T,2018,7,290983626,Manual,Diesel,1500
Daihatsu Terios R AT,2015,10,244419140,Manual,Diesel,1500
Mazda 2 R AT,2021,4,115773936,Otomatis,Bensin,1500
Honda Brio Satya E CVT,2012,13,114801584,Manual,Bensin,1200
Mazda 2 R AT,2017,8,334670600,Manual,Bensin,1500
Suzuki Baleno M/T,2020,5,167703641,Manual,Diesel,1500
Wuling Almaz RS,2018,7,306498516,Manual,Diesel,1500
Mazda CX-5 Elite,2018,7,316654730,Otomatis,Diesel,2500
Mazda 2 R AT,2014,11,365846069,Manual,Bensin,1500
Daihatsu Terios R AT,2022,3,180925872,Manual,Bensin,1500
Honda City Hatchback RS,2012,13,332805032,Manual,Bensin,1500
Nissan Livina VE AT,2014,11,355687101,Otomatis,Bensin,1500
Wuling Confero S,2015,10,182835597,Manual,Diesel,1500
Suzuki Baleno M/T,2016,9,342590876,Otomatis,Bensin,1500
Suzuki Ertiga GL M/T,2022,3,108239967,Otomatis,Diesel,1500
Mitsubishi Pajero Sport Dakar,2018,7,382881507,Otomatis,Bensin,2500
Daihatsu Terios R AT,2016,9,118921195,Otomatis,Diesel,1500
Kia Picanto GT,2012,13,272419733,Otomatis,Diesel,1200
Mazda 2 R AT,2014,11,199353441,Manual,Bensin,1500
Wuling Almaz RS,2023,2,255797988,Otomatis,Bensin,1500
Wuling Almaz RS,2023,2,366103067,Manual,Bensin,1500
Mitsubishi Pajero Sport Dakar,2013,12,115194035,Manual,Bensin,2500
Kia Picanto GT,2015,10,294396049,Otomatis,Bensin,1200
Toyota Yaris E CVT,2017,8,316913444,Otomatis,Diesel,1500
Daihatsu Terios R AT,2021,4,140708116,Manual,Bensin,1500
Toyota Avanza 1.3 G M/T,2018,7,182563101,Manual,Diesel,1300
Mazda CX-5 Elite,2020,5,153065180,Otomatis,Bensin,2500
Hyundai Stargazer Active,2014,11,233118867,Otomatis,Bensin,1500
Toyota Avanza 1.3 G M/T,2021,4,324805618,Otomatis,Diesel,1300
Toyota Yaris E CVT,2023,2,339505285,Manual,Diesel,1500
Toyota Yaris E CVT,2016,9,245073663,Manual,Diesel,1500
Hyundai Stargazer Active,2015,10,360154702,Manual,Bensin,1500
Daihatsu Xenia R Deluxe,2013,12,342838516,Otomatis,Diesel,1300
Honda City Hatchback RS,2020,5,253402218,Otomatis,Bensin,1500
Hyundai Creta Trend,2020,5,184184723,Otomatis,Bensin,1500
Daihatsu Terios R AT,2012,13,319952023,Manual,Bensin,1500
Honda Brio Satya E CVT,2024,1,286543176,Otomatis,Bensin,1200
Honda Brio Satya E CVT,2017,8,118823410,Otomatis,Bensin,1200
Kia Picanto GT,2015,10,228724505,Manual,Diesel,1200
Mitsubishi Pajero Sport Dakar,2015,10,127061091,Manual,Diesel,2500
Kia Picanto GT,2012,13,264315470,Otomatis,Diesel,1200
Toyota Avanza 1.3 G M/T,2013,12,190947196,Otomatis,Bensin,1300
Suzuki Baleno M/T,2019,6,159004025,Otomatis,Bensin,1500
Mazda CX-5 Elite,2024,1,332002324,Manual,Bensin,2500
Honda Brio Satya E CVT,2023,2,181415523,Manual,Diesel,1200
Nissan Livina VE AT,2024,1,132048383,Otomatis,Bensin,1500
Daihatsu Xenia R Deluxe,2014,11,321797351,Manual,Bensin,1300
Hyundai Stargazer Active,2020,5,241859614,Manual,Diesel,1500
Honda City Hatchback RS,2017,8,99508284,Manual,Diesel,1500
Hyundai Creta Trend,2013,12,339847317,Manual,Diesel,1500
Hyundai Stargazer Active,2014,11,197504207,Otomatis,Diesel,1500
Toyota Yaris E CVT,2018,7,256573837,Otomatis,Diesel,1500
Hyundai Stargazer Active,2020,5,204470937,Manual,Bensin,1500
Hyundai Stargazer Active,2020,5,364729069,Manual,Diesel,1500
Suzuki Ertiga GL M/T,2017,8,373422463,Otomatis,Diesel,1500
Wuling Almaz RS,2017,8,231340354,Otomatis,Diesel,1500
Mitsubishi Xpander GLS M/T,2016,9,378277121,Manual,Diesel,1500
Mazda CX-5 Elite,2016,9,217886656,Manual,Diesel,2500
Toyota Yaris E CVT,2018,7,378037489,Otomatis,Bensin,1500
Mazda 2 R AT,2022,3,258787648,Otomatis,Diesel,1500
Mazda CX-5 Elite,2020,5,399990383,Otomatis,Bensin,2500
Mazda CX-5 Elite,2024,1,279896055,Manual,Bensin,2500
Honda Brio Satya E CVT,2024,1,261239961,Otomatis,Diesel,1200
Daihatsu Terios R AT,2012,13,313108265,Manual,Diesel,1500
Nissan Livina VE AT,2020,5,162423571,Manual,Diesel,1500
Toyota Avanza 1.3 G M/T,2021,4,128352803,Otomatis,Diesel,1300
Suzuki Ertiga GL M/T,2024,1,172488152,Otomatis,Bensin,1500
Wuling Confero S,2021,4,349436410,Otomatis,Bensin,1500
Toyota Yaris E CVT,2013,12,323828159,Manual,Bensin,1500
Wuling Almaz RS,2012,13,281666312,Otomatis,Diesel,1500
Hyundai Creta Trend,2019,6,376566787,Otomatis,Diesel,1500
Wuling Confero S,2017,8,134303504,Manual,Bensin,1500
Wuling Confero S,2020,5,176588036,Manual,Bensin,1500
Honda City Hatchback RS,2020,5,298831739,Manual,Diesel,1500
Hyundai Stargazer Active,2015,10,236282828,Manual,Diesel,1500
Kia Picanto GT,2021,4,125673146,Manual,Bensin,1200
Hyundai Creta Trend,2020,5,158932578,Otomatis,Diesel,1500
Honda Brio Satya E CVT,2016,9,320615343,Manual,Diesel,1200
Toyota Avanza 1.3 G M/T,2014,11,297665086,Otomatis,Bensin,1300
Daihatsu Xenia R Deluxe,2012,13,247282232,Manual,Diesel,1300
Daihatsu Terios R AT,2016,9,267010717,Otomatis,Bensin,1500
Mitsubishi Pajero Sport Dakar,2023,2,273527617,Manual,Diesel,2500
Suzuki Baleno M/T,2015,10,179791642,Manual,Bensin,1500
Suzuki Baleno M/T,2016,9,249280513,Otomatis,Bensin,1500
Wuling Almaz RS,2013,12,352091692,Manual,Bensin,1500
Daihatsu Xenia R Deluxe,2019,6,285490125,Manual,Diesel,1300
Daihatsu Terios R AT,2018,7,244908502,Otomatis,Bensin,1500
Hyundai Stargazer Active,2021,4,216957329,Manual,Diesel,1500
Suzuki Baleno M/T,2018,7,329666959,Otomatis,Bensin,1500
Honda Brio Satya E CVT,2015,10,95923085,Otomatis,Bensin,1200
Honda City Hatchback RS,2024,1,326341658,Manual,Diesel,1500
Hyundai Creta Trend,2019,6,127203436,Manual,Diesel,1500
Wuling Confero S,2023,2,239170025,Manual,Bensin,1500
Mazda CX-5 Elite,2020,5,263557334,Manual,Diesel,2500
Hyundai Stargazer Active,2012,13,260187972,Otomatis,Bensin,1500
Mitsubishi Xpander GLS M/T,2021,4,312252434,Otomatis,Diesel,1500
Hyundai Creta Trend,2023,2,266002270,Otomatis,Diesel,1500
Mitsubishi Xpander GLS M/T,2016,9,163638400,Manual,Diesel,1500
Suzuki Ertiga GL M/T,2021,4,245707731,Manual,Diesel,1500
Suzuki Ertiga GL M/T,2017,8,156246397,Otomatis,Bensin,1500
Mitsubishi Pajero Sport Dakar,2015,10,393805225,Otomatis,Bensin,2500
Daihatsu Terios R AT,2023,2,147260315,Manual,Bensin,1500
Mitsubishi Pajero Sport Dakar,2021,4,350165180,Manual,Diesel,2500
Suzuki Baleno M/T,2019,6,318581818,Otomatis,Diesel,1500
Daihatsu Terios R AT,2017,8,385555314,Manual,Bensin,1500
Suzuki Baleno M/T,2020,5,356908012,Manual,Diesel,1500
Suzuki Baleno M/T,2020,5,252776680,Otomatis,Bensin,1500
Honda Brio Satya E CVT,2023,2,133172222,Otomatis,Diesel,1200
Suzuki Baleno M/T,2014,11,222445343,Manual,Diesel,1500
Daihatsu Xenia R Deluxe,2023,2,280943177,Otomatis,Bensin,1300
Hyundai Stargazer Active,2016,9,146408908,Otomatis,Diesel,1500
Suzuki Ertiga GL M/T,2024,1,320790833,Manual,Diesel,1500
Suzuki Ertiga GL M/T,2012,13,180525701,Manual,Bensin,1500
Daihatsu Xenia R Deluxe,2013,12,186490033,Manual,Bensin,1300
Wuling Almaz RS,2020,5,155191895,Manual,Diesel,1500
Honda Brio Satya E CVT,2014,11,344418128,Manual,Bensin,1200
Daihatsu Xenia R Deluxe,2015,10,394917628,Otomatis,Diesel,1300
Mitsubishi Pajero Sport Dakar,2017,8,398289029,Manual,Bensin,2500
Suzuki Baleno M/T,2016,9,181953928,Otomatis,Bensin,1500
Honda Brio Satya E CVT,2018,7,381195747,Manual,Bensin,1200
Honda Brio Satya E CVT,2016,9,335368425,Manual,Diesel,1200
Toyota Yaris E CVT,2018,7,310051950,Manual,Diesel,1500
Mitsubishi Pajero Sport Dakar,2023,2,192637464,Manual,Diesel,2500
Wuling Almaz RS,2018,7,347283543,Otomatis,Bensin,1500
Mitsubishi Pajero Sport Dakar,2021,4,365219647,Otomatis,Diesel,2500
Toyota Yaris E CVT,2016,9,106036662,Manual,Bensin,1500
Mitsubishi Pajero Sport Dakar,2015,10,383348605,Manual,Diesel,2500
Suzuki Baleno M/T,2012,13,359072726,Manual,Diesel,1500
Mazda 2 R AT,2022,3,192491048,Otomatis,Diesel,1500
Daihatsu Terios R AT,2015,10,312038991,Manual,Diesel,1500
Daihatsu Terios R AT,2015,10,370091908,Manual,Diesel,1500
Mazda CX-5 Elite,2014,11,259496762,Manual,Bensin,2500
Kia Picanto GT,2015,10,301658104,Otomatis,Bensin,1200
Hyundai Stargazer Active,2012,13,255594787,Otomatis,Diesel,1500
Daihatsu Terios R AT,2013,12,146094522,Manual,Bensin,1500
Mitsubishi Xpander GLS M/T,2024,1,282967748,Manual,Diesel,1500
Wuling Almaz RS,2016,9,96706037,Otomatis,Diesel,1500
Hyundai Creta Trend,2016,9,351580239,Otomatis,Bensin,1500
Daihatsu Terios R AT,2013,12,101650446,Manual,Diesel,1500
Mitsubishi Xpander GLS M/T,2020,5,248659907,Otomatis,Bensin,1500
Mazda CX-5 Elite,2015,10,103046460,Manual,Bensin,2500
Mazda CX-5 Elite,2022,3,95005593,Otomatis,Bensin,2500
Mitsubishi Xpander GLS M/T,2020,5,279997733,Manual,Diesel,1500
Mitsubishi Xpander GLS M/T,2015,10,385621578,Otomatis,Bensin,1500
Daihatsu Terios R AT,2019,6,353248533,Manual,Diesel,1500
Wuling Confero S,2016,9,93546579,Manual,Bensin,1500
Suzuki Baleno M/T,2021,4,327715698,Otomatis,Diesel,1500
Mitsubishi Pajero Sport Dakar,2016,9,347772259,Otomatis,Diesel,2500
Honda City Hatchback RS,2020,5,199033630,Manual,Bensin,1500
Honda Brio Satya E CVT,2020,5,244241330,Manual,Bensin,1200
Honda City Hatchback RS,2022,3,313108516,Manual,Diesel,1500
Daihatsu Terios R AT,2019,6,113206177,Otomatis,Bensin,1500
Mitsubishi Pajero Sport Dakar,2015,10,93651582,Manual,Diesel,2500
Toyota Yaris E CVT,2023,2,356399350,Manual,Diesel,1500
Hyundai Stargazer Active,2020,5,115430843,Otomatis,Bensin,1500
Wuling Confero S,2014,11,305363760,Manual,Bensin,1500
Wuling Confero S,2017,8,307027281,Otomatis,Diesel,1500
Honda Brio Satya E CVT,2019,6,140397755,Manual,Diesel,1200
Mazda CX-5 Elite,2015,10,155280270,Manual,Diesel,2500
Hyundai Stargazer Active,2019,6,150581809,Manual,Diesel,1500
Suzuki Baleno M/T,2017,8,348450256,Manual,Bensin,1500
Hyundai Stargazer Active,2013,12,330197403,Manual,Bensin,1500
Wuling Confero S,2019,6,256059000,Otomatis,Bensin,1500
Mitsubishi Pajero Sport Dakar,2014,11,310069896,Otomatis,Bensin,2500
Suzuki Baleno M/T,2024,1,169149357,Manual,Bensin,1500
Suzuki Ertiga GL M/T,2017,8,207608148,Otomatis,Bensin,1500
Hyundai Creta Trend,2014,11,334700197,Otomatis,Diesel,1500
Daihatsu Terios R AT,2021,4,274139326,Manual,Bensin,1500
Mitsubishi Xpander GLS M/T,2023,2,142803613,Otomatis,Diesel,1500
Wuling Almaz RS,2020,5,332237256,Otomatis,Diesel,1500
Toyota Avanza 1.3 G M/T,2023,2,389291801,Otomatis,Diesel,1300
Nissan Livina VE AT,2014,11,334676913,Otomatis,Diesel,1500
Mazda 2 R AT,2016,9,296773691,Manual,Bensin,1500
Honda Brio Satya E CVT,2015,10,241840782,Manual,Bensin,1200
Kia Picanto GT,2020,5,206959213,Otomatis,Diesel,1200
Mazda CX-5 Elite,2019,6,183951613,Manual,Bensin,2500
Mazda CX-5 Elite,2018,7,242714173,Manual,Bensin,2500
Kia Picanto GT,2015,10,170829987,Manual,Diesel,1200
Toyota Yaris E CVT,2019,6,352317667,Otomatis,Bensin,1500
Nissan Livina VE AT,2017,8,117017045,Otomatis,Bensin,1500
Hyundai Stargazer Active,2023,2,251830656,Manual,Bensin,1500
Honda City Hatchback RS,2020,5,262501027,Otomatis,Bensin,1500
Hyundai Stargazer Active,2023,2,374855268,Otomatis,Bensin,1500
Honda Brio Satya E CVT,2014,11,295768214,Otomatis,Diesel,1200
Suzuki Ertiga GL M/T,2018,7,201931559,Manual,Bensin,1500
Mazda 2 R AT,2019,6,210868126,Otomatis,Diesel,1500
Honda Brio Satya E CVT,2012,13,324100418,Otomatis,Bensin,1200
Mitsubishi Xpander GLS M/T,2022,3,392844897,Manual,Diesel,1500
Kia Picanto GT,2015,10,262433437,Otomatis,Diesel,1200
Suzuki Baleno M/T,2017,8,200615330,Manual,Diesel,1500
Hyundai Creta Trend,2015,10,141077964,Manual,Bensin,1500
Mitsubishi Pajero Sport Dakar,2020,5,93823714,Otomatis,Diesel,2500
Hyundai Creta Trend,2015,10,396197635,Manual,Diesel,1500
Wuling Almaz RS,2016,9,137877173,Otomatis,Bensin,1500
Honda Brio Satya E CVT,2024,1,328742502,Otomatis,Bensin,1200
Hyundai Stargazer Active,2017,8,305507070,Manual,Bensin,1500
Honda Brio Satya E CVT,2021,4,125432963,Otomatis,Diesel,1200
Mazda 2 R AT,2012,13,161885939,Otomatis,Bensin,1500
Wuling Confero S,2014,11,306779921,Otomatis,Bensin,1500
Daihatsu Terios R AT,2013,12,262701785,Manual,Diesel,1500
Mitsubishi Pajero Sport Dakar,2018,7,203498174,Otomatis,Bensin,2500
Daihatsu Xenia R Deluxe,2023,2,219143421,Otomatis,Bensin,1300
Daihatsu Terios R AT,2013,12,90929890,Manual,Bensin,1500
Mazda 2 R AT,2013,12,330425419,Manual,Diesel,1500
Daihatsu Xenia R Deluxe,2017,8,291839572,Manual,Bensin,1300
Suzuki Baleno M/T,2013,12,179417724,Manual,Bensin,1500
Toyota Avanza 1.3 G M/T,2016,9,176574798,Manual,Bensin,1300
Hyundai Creta Trend,2020,5,295220920,Otomatis,Diesel,1500
Mitsubishi Xpander GLS M/T,2022,3,227653044,Otomatis,Diesel,1500
Daihatsu Xenia R Deluxe,2017,8,322044741,Manual,Bensin,1300
Mazda CX-5 Elite,2023,2,318015759,Otomatis,Bensin,2500
Daihatsu Xenia R Deluxe,2024,1,310729235,Manual,Bensin,1300
Mitsubishi Xpander GLS M/T,2015,10,138689448,Manual,Diesel,1500
Toyota Yaris E CVT,2019,6,118858744,Otomatis,Bensin,1500
Nissan Livina VE AT,2015,10,239789407,Otomatis,Bensin,1500
Suzuki Baleno M/T,2017,8,270292880,Otomatis,Diesel,1500
Wuling Confero S,2012,13,383544982,Manual,Bensin,1500
Mazda CX-5 Elite,2019,6,97375611,Otomatis,Bensin,2500
Toyota Yaris E CVT,2024,1,321524767,Manual,Diesel,1500
Mazda CX-5 Elite,2017,8,106638639,Manual,Bensin,2500
Toyota Yaris E CVT,2022,3,293203774,Otomatis,Diesel,1500
Suzuki Baleno M/T,2019,6,394164856,Manual,Diesel,1500
Toyota Yaris E CVT,2016,9,294623926,Otomatis,Bensin,1500
Honda Brio Satya E CVT,2016,9,242018870,Otomatis,Diesel,1200
Mitsubishi Pajero Sport Dakar,2015,10,100775350,Manual,Bensin,2500
Honda Brio Satya E CVT,2016,9,330268604,Otomatis,Bensin,1200
Nissan Livina VE AT,2024,1,235198511,Otomatis,Diesel,1500
Honda City Hatchback RS,2024,1,141295875,Manual,Bensin,1500
Suzuki Baleno M/T,2022,3,138138995,Otomatis,Bensin,1500
Wuling Confero S,2020,5,279380260,Otomatis,Bensin,1500
Nissan Livina VE AT,2014,11,134716629,Manual,Bensin,1500
Toyota Yaris E CVT,2015,10,268441000,Otomatis,Diesel,1500
Daihatsu Terios R AT,2019,6,293504652,Manual,Bensin,1500
Toyota Yaris E CVT,2014,11,203497701,Otomatis,Bensin,1500
Honda Brio Satya E CVT,2017,8,200082894,Otomatis,Diesel,1200
Mazda 2 R AT,2023,2,381910359,Manual,Bensin,1500
Kia Picanto GT,2013,12,308793132,Otomatis,Diesel,1200
Nissan Livina VE AT,2020,5,128137517,Manual,Diesel,1500
Honda Brio Satya E CVT,2023,2,371792942,Manual,Bensin,1200
Suzuki Baleno M/T,2016,9,350257587,Otomatis,Diesel,1500
Wuling Almaz RS,2021,4,186918038,Manual,Bensin,1500
Honda City Hatchback RS,2023,2,277250904,Manual,Bensin,1500
Mitsubishi Pajero Sport Dakar,2023,2,269161510,Otomatis,Bensin,2500
Mitsubishi Pajero Sport Dakar,2020,5,163966273,Otomatis,Bensin,2500
Wuling Almaz RS,2014,11,261475312,Otomatis,Bensin,1500
Daihatsu Terios R AT,2019,6,305297747,Manual,Diesel,1500
Suzuki Ertiga GL M/T,2019,6,160164180,Manual,Diesel,1500
Suzuki Baleno M/T,2014,11,383528009,Manual,Diesel,1500
Hyundai Creta Trend,2023,2,317408286,Otomatis,Diesel,1500
Daihatsu Xenia R Deluxe,2023,2,247903456,Otomatis,Diesel,1300
Suzuki Ertiga GL M/T,2020,5,225507298,Manual,Diesel,1500
Hyundai Stargazer Active,2017,8,320844754,Manual,Diesel,1500
Nissan Livina VE AT,2019,6,99270847,Otomatis,Bensin,1500
Hyundai Creta Trend,2014,11,133617788,Otomatis,Diesel,1500
Mazda 2 R AT,2019,6,176629352,Otomatis,Bensin,1500
Mitsubishi Pajero Sport Dakar,2017,8,275517701,Otomatis,Diesel,2500
Wuling Confero S,2020,5,305091117,Manual,Diesel,1500
Daihatsu Terios R AT,2024,1,264378037,Otomatis,Bensin,1500
Hyundai Stargazer Active,2020,5,153302154,Otomatis,Diesel,1500
Honda Brio Satya E CVT,2016,9,303342313,Manual,Bensin,1200
Suzuki Baleno M/T,2016,9,114876638,Otomatis,Diesel,1500
Daihatsu Xenia R Deluxe,2013,12,108173989,Manual,Bensin,1300
Honda Brio Satya E CVT,2017,8,360467803,Manual,Diesel,1200
Nissan Livina VE AT,2022,3,255330906,Manual,Diesel,1500
Hyundai Creta Trend,2021,4,202438497,Manual,Diesel,1500
Toyota Yaris E CVT,2023,2,268418581,Manual,Bensin,1500
Toyota Yaris E CVT,2013,12,319400527,Otomatis,Diesel,1500
Daihatsu Terios R AT,2013,12,162622442,Manual,Bensin,1500
Mazda 2 R AT,2020,5,155773762,Otomatis,Diesel,1500
Mazda CX-5 Elite,2022,3,349749260,Manual,Bensin,2500
Mitsubishi Pajero Sport Dakar,2022,3,222983642,Manual,Diesel,2500
Hyundai Stargazer Active,2023,2,384825166,Manual,Diesel,1500
Toyota Yaris E CVT,2018,7,138112381,Otomatis,Diesel,1500
Wuling Almaz RS,2018,7,369831384,Manual,Diesel,1500
Mitsubishi Xpander GLS M/T,2013,12,355700962,Manual,Diesel,1500
Honda City Hatchback RS,2012,13,281429185,Otomatis,Diesel,1500
Mazda CX-5 Elite,2022,3,204488213,Otomatis,Bensin,2500
Daihatsu Xenia R Deluxe,2020,5,150280171,Otomatis,Diesel,1300
Toyota Yaris E CVT,2020,5,160108159,Otomatis,Diesel,1500
Honda City Hatchback RS,2017,8,183419851,Manual,Diesel,1500
Kia Picanto GT,2018,7,388938031,Otomatis,Diesel,1200
Mazda CX-5 Elite,2024,1,224863390,Manual,Bensin,2500
Toyota Avanza 1.3 G M/T,2012,13,353213894,Manual,Bensin,1300
Honda City Hatchback RS,2016,9,281351735,Otomatis,Diesel,1500
Wuling Confero S,2017,8,286649378,Manual,Diesel,1500
Honda City Hatchback RS,2020,5,360604905,Otomatis,Bensin,1500
Wuling Confero S,2019,6,154541537,Otomatis,Bensin,1500
Mazda CX-5 Elite,2021,4,237907534,Otomatis,Diesel,2500
Wuling Confero S,2022,3,252571365,Manual,Diesel,1500
Hyundai Stargazer Active,2015,10,342447315,Otomatis,Bensin,1500
Hyundai Stargazer Active,2015,10,259100322,Manual,Bensin,1500
Hyundai Stargazer Active,2023,2,386794190,Manual,Bensin,1500
Mazda CX-5 Elite,2019,6,204248786,Otomatis,Diesel,2500
Daihatsu Xenia R Deluxe,2024,1,292800769,Otomatis,Diesel,1300
Wuling Confero S,2021,4,361154121,Otomatis,Bensin,1500
Honda City Hatchback RS,2016,9,140772174,Manual,Diesel,1500
Mitsubishi Pajero Sport Dakar,2021,4,203562693,Otomatis,Bensin,2500
Wuling Almaz RS,2018,7,385616461,Manual,Diesel,1500
Hyundai Stargazer Active,2015,10,134744772,Otomatis,Diesel,1500
Suzuki Ertiga GL M/T,2014,11,398794334,Manual,Diesel,1500
Suzuki Baleno M/T,2012,13,153595888,Manual,Bensin,1500
Daihatsu Xenia R Deluxe,2014,11,194357052,Otomatis,Diesel,1300
Daihatsu Terios R AT,2020,5,270237077,Manual,Bensin,1500
Daihatsu Terios R AT,2015,10,381720443,Manual,Diesel,1500
Honda Brio Satya E CVT,2014,11,341682038,Otomatis,Bensin,1200
Hyundai Stargazer Active,2013,12,276124380,Manual,Bensin,1500
Mazda CX-5 Elite,2018,7,170482447,Otomatis,Diesel,2500
Mitsubishi Pajero Sport Dakar,2021,4,376813421,Manual,Diesel,2500
Mazda 2 R AT,2024,1,291216254,Manual,Diesel,1500
Toyota Yaris E CVT,2014,11,160739726,Otomatis,Bensin,1500
Hyundai Stargazer Active,2017,8,245234368,Otomatis,Diesel,1500
Toyota Yaris E CVT,2018,7,317174279,Otomatis,Diesel,1500
Suzuki Baleno M/T,2016,9,221923783,Otomatis,Bensin,1500
Toyota Avanza 1.3 G M/T,2017,8,338219846,Manual,Diesel,1300
Hyundai Stargazer Active,2020,5,356342483,Otomatis,Bensin,1500
Wuling Confero S,2020,5,314339796,Otomatis,Diesel,1500
Suzuki Baleno M/T,2013,12,116075741,Otomatis,Diesel,1500
Mazda 2 R AT,2021,4,117001077,Manual,Diesel,1500
Hyundai Stargazer Active,2016,9,379995686,Manual,Bensin,1500
Hyundai Creta Trend,2015,10,110652543,Otomatis,Diesel,1500
Mitsubishi Pajero Sport Dakar,2016,9,209906615,Manual,Bensin,2500
Mazda CX-5 Elite,2016,9,333767517,Manual,Diesel,2500
Mazda 2 R AT,2016,9,298344713,Manual,Bensin,1500
Toyota Avanza 1.3 G M/T,2017,8,295156089,Manual,Diesel,1300
Hyundai Stargazer Active,2018,7,254375909,Otomatis,Bensin,1500
Kia Picanto GT,2020,5,144498191,Otomatis,Bensin,1200
Mazda CX-5 Elite,2016,9,162045030,Manual,Bensin,2500
Hyundai Creta Trend,2016,9,212268625,Manual,Diesel,1500
Suzuki Ertiga GL M/T,2021,4,206534027,Manual,Diesel,1500
Honda Brio Satya E CVT,2013,12,285451599,Manual,Diesel,1200
Nissan Livina VE AT,2024,1,134442123,Otomatis,Diesel,1500
Toyota Yaris E CVT,2014,11,215524966,Manual,Diesel,1500
Wuling Confero S,2023,2,377051803,Otomatis,Diesel,1500
Honda City Hatchback RS,2017,8,183814379,Manual,Bensin,1500
Hyundai Creta Trend,2022,3,265885773,Otomatis,Diesel,1500
Hyundai Creta Trend,2019,6,154333631,Manual,Bensin,1500
Hyundai Stargazer Active,2020,5,153128141,Manual,Diesel,1500
Honda City Hatchback RS,2018,7,290096019,Otomatis,Diesel,1500
Mitsubishi Pajero Sport Dakar,2017,8,275229923,Manual,Bensin,2500
Toyota Yaris E CVT,2021,4,176138990,Otomatis,Diesel,1500
Mitsubishi Pajero Sport Dakar,2019,6,241986777,Manual,Diesel,2500
Daihatsu Xenia R Deluxe,2021,4,278479386,Otomatis,Bensin,1300
Daihatsu Terios R AT,2012,13,271537115,Otomatis,Bensin,1500
Nissan Livina VE AT,2016,9,94905585,Manual,Bensin,1500
Daihatsu Terios R AT,2014,11,233501759,Otomatis,Diesel,1500
Daihatsu Xenia R Deluxe,2014,11,191667738,Manual,Bensin,1300
Suzuki Baleno M/T,2023,2,108013095,Manual,Bensin,1500
Mazda 2 R AT,2018,7,370378947,Manual,Bensin,1500
Suzuki Ertiga GL M/T,2015,10,109762004,Manual,Diesel,1500
Suzuki Baleno M/T,2014,11,153638616,Manual,Diesel,1500
Honda City Hatchback RS,2022,3,238968845,Otomatis,Bensin,1500
Toyota Yaris E CVT,2016,9,210845362,Otomatis,Diesel,1500
Mazda 2 R AT,2020,5,218762785,Manual,Bensin,1500
Toyota Yaris E CVT,2023,2,315968130,Manual,Diesel,1500
Kia Picanto GT,2023,2,318109595,Otomatis,Bensin,1200
Suzuki Ertiga GL M/T,2018,7,97118254,Manual,Bensin,1500
Suzuki Ertiga GL M/T,2021,4,379388402,Manual,Diesel,1500
Toyota Yaris E CVT,2016,9,159191258,Manual,Bensin,1500
Mitsubishi Xpander GLS M/T,2017,8,135154761,Manual,Bensin,1500
Toyota Avanza 1.3 G M/T,2020,5,139633286,Manual,Diesel,1300
Toyota Avanza 1.3 G M/T,2013,12,174419461,Manual,Bensin,1300
Daihatsu Terios R AT,2020,5,242525881,Manual,Diesel,1500
Hyundai Stargazer Active,2012,13,350994724,Manual,Bensin,1500
Mitsubishi Xpander GLS M/T,2017,8,118214192,Manual,Bensin,1500
Honda City Hatchback RS,2018,7,262032190,Otomatis,Bensin,1500
Hyundai Creta Trend,2018,7,383482001,Manual,Diesel,1500
Toyota Avanza 1.3 G M/T,2015,10,153858983,Manual,Bensin,1300
Hyundai Creta Trend,2017,8,178202694,Manual,Diesel,1500
Honda Brio Satya E CVT,2014,11,106844469,Manual,Diesel,1200
Honda City Hatchback RS,2022,3,298561781,Otomatis,Bensin,1500
Honda Brio Satya E CVT,2022,3,98278053,Otomatis,Bensin,1200
Wuling Confero S,2017,8,324818480,Manual,Diesel,1500
Hyundai Stargazer Active,2013,12,293277285,Otomatis,Diesel,1500
Daihatsu Xenia R Deluxe,2020,5,356018135,Manual,Diesel,1300
Mitsubishi Xpander GLS M/T,2015,10,253777046,Manual,Diesel,1500
Hyundai Stargazer Active,2022,3,369666440,Otomatis,Bensin,1500
Daihatsu Terios R AT,2016,9,132424336,Otomatis,Bensin,1500
Hyundai Creta Trend,2019,6,117037468,Manual,Diesel,1500
Toyota Yaris E CVT,2015,10,153081930,Otomatis,Bensin,1500
Wuling Almaz RS,2023,2,247204218,Otomatis,Diesel,1500
Nissan Livina VE AT,2013,12,397013610,Otomatis,Bensin,1500
Kia Picanto GT,2015,10,395808578,Otomatis,Bensin,1200
Honda Brio Satya E CVT,2013,12,214954958,Manual,Bensin,1200
Honda Brio Satya E CVT,2021,4,361322117,Otomatis,Diesel,1200
Wuling Confero S,2020,5,185304369,Otomatis,Bensin,1500
Toyota Avanza 1.3 G M/T,2019,6,317401171,Manual,Bensin,1300
Daihatsu Terios R AT,2013,12,360260581,Otomatis,Diesel,1500
Suzuki Ertiga GL M/T,2020,5,192400186,Otomatis,Bensin,1500
Honda Brio Satya E CVT,2021,4,357070834,Manual,Bensin,1200
Hyundai Creta Trend,2023,2,368273803,Manual,Diesel,1500
Toyota Yaris E CVT,2018,7,187300286,Otomatis,Diesel,1500
Wuling Confero S,2012,13,327005327,Otomatis,Bensin,1500
Wuling Almaz RS,2014,11,200225284,Otomatis,Diesel,1500
Toyota Yaris E CVT,2018,7,152171638,Manual,Diesel,1500
Mitsubishi Xpander GLS M/T,2014,11,253928601,Manual,Diesel,1500
Honda Brio Satya E CVT,2020,5,392507065,Otomatis,Bensin,1200
Mitsubishi Pajero Sport Dakar,2014,11,150559060,Manual,Bensin,2500
Mazda 2 R AT,2023,2,128887559,Otomatis,Bensin,1500
Toyota Yaris E CVT,2012,13,155733814,Manual,Bensin,1500
Mitsubishi Pajero Sport Dakar,2022,3,283252263,Otomatis,Bensin,2500
Honda Brio Satya E CVT,2017,8,326562691,Manual,Bensin,1200
Suzuki Baleno M/T,2020,5,234805882,Otomatis,Diesel,1500
Suzuki Ertiga GL M/T,2021,4,305249869,Otomatis,Bensin,1500
Mitsubishi Pajero Sport Dakar,2022,3,346121161,Otomatis,Bensin,2500
Daihatsu Xenia R Deluxe,2024,1,258707809,Otomatis,Diesel,1300
Toyota Avanza 1.3 G M/T,2024,1,104279745,Otomatis,Diesel,1300
Toyota Avanza 1.3 G M/T,2013,12,291031674,Otomatis,Diesel,1300
Toyota Yaris E CVT,2024,1,296234316,Otomatis,Diesel,1500
Hyundai Creta Trend,2013,12,304951794,Manual,Bensin,1500
Mazda CX-5 Elite,2021,4,397071465,Manual,Diesel,2500
Toyota Yaris E CVT,2020,5,259237842,Otomatis,Bensin,1500
Suzuki Ertiga GL M/T,2012,13,314277760,Otomatis,Diesel,1500
Honda City Hatchback RS,2012,13,325996182,Otomatis,Diesel,1500
Hyundai Stargazer Active,2019,6,216399375,Manual,Diesel,1500
Honda Brio Satya E CVT,2013,12,150528471,Otomatis,Bensin,1200
Hyundai Creta Trend,2013,12,385092614,Otomatis,Bensin,1500
Daihatsu Terios R AT,2016,9,95370377,Manual,Bensin,1500
Honda City Hatchback RS,2012,13,168030284,Otomatis,Diesel,1500
Daihatsu Xenia R Deluxe,2012,13,324406447,Manual,Bensin,1300
Suzuki Baleno M/T,2016,9,140297970,Otomatis,Diesel,1500
Kia Picanto GT,2013,12,365584161,Otomatis,Bensin,1200
Mitsubishi Xpander GLS M/T,2018,7,312913702,Manual,Bensin,1500
Honda Brio Satya E CVT,2014,11,134960340,Otomatis,Bensin,1200
Nissan Livina VE AT,2021,4,193335530,Otomatis,Bensin,1500
Wuling Almaz RS,2020,5,110120261,Otomatis,Diesel,1500
Daihatsu Xenia R Deluxe,2015,10,162366029,Otomatis,Bensin,1300
Hyundai Creta Trend,2012,13,304666428,Otomatis,Diesel,1500
Mazda 2 R AT,2020,5,95728794,Manual,Diesel,1500
Mazda CX-5 Elite,2023,2,281221258,Manual,Diesel,2500
Suzuki Baleno M/T,2021,4,312879199,Otomatis,Bensin,1500
Hyundai Creta Trend,2014,11,233415816,Otomatis,Bensin,1500
Nissan Livina VE AT,2022,3,366751724,Manual,Diesel,1500
Daihatsu Terios R AT,2022,3,220902712,Manual,Bensin,1500
Mazda 2 R AT,2012,13,323848614,Manual,Diesel,1500
Nissan Livina VE AT,2018,7,315546567,Otomatis,Diesel,1500
Mitsubishi Pajero Sport Dakar,2018,7,333992860,Manual,Diesel,2500
Suzuki Ertiga GL M/T,2015,10,183967429,Otomatis,Diesel,1500
Mitsubishi Xpander GLS M/T,2022,3,379214352,Manual,Bensin,1500
Kia Picanto GT,2024,1,376743001,Manual,Diesel,1200
Wuling Confero S,2022,3,319838919,Manual,Bensin,1500
Wuling Almaz RS,2024,1,363441676,Otomatis,Diesel,1500
Kia Picanto GT,2019,6,339075550,Manual,Bensin,1200
Hyundai Stargazer Active,2022,3,217038829,Otomatis,Bensin,1500
Daihatsu Terios R AT,2023,2,301727754,Otomatis,Bensin,1500
Mitsubishi Xpander GLS M/T,2021,4,358967488,Manual,Diesel,1500
Suzuki Ertiga GL M/T,2016,9,143387215,Manual,Diesel,1500
Toyota Yaris E CVT,2012,13,206147916,Otomatis,Diesel,1500
Nissan Livina VE AT,2018,7,265295186,Manual,Diesel,1500
Suzuki Baleno M/T,2024,1,176722799,Manual,Diesel,1500
Honda Brio Satya E CVT,2020,5,116172120,Manual,Diesel,1200
Wuling Confero S,2017,8,129144108,Otomatis,Diesel,1500
Hyundai Stargazer Active,2015,10,177031426,Manual,Bensin,1500
Honda Brio Satya E CVT,2024,1,199646816,Otomatis,Bensin,1200
Suzuki Ertiga GL M/T,2021,4,184991568,Otomatis,Diesel,1500
Suzuki Ertiga GL M/T,2022,3,179171442,Otomatis,Bensin,1500
Suzuki Ertiga GL M/T,2012,13,291330017,Manual,Bensin,1500
Suzuki Baleno M/T,2019,6,179916155,Otomatis,Diesel,1500
Toyota Yaris E CVT,2014,11,161485514,Otomatis,Bensin,1500
Kia Picanto GT,2012,13,385283943,Otomatis,Diesel,1200
Mazda CX-5 Elite,2012,13,363173881,Otomatis,Bensin,2500
Hyundai Creta Trend,2019,6,223612291,Otomatis,Diesel,1500
Kia Picanto GT,2015,10,217324290,Manual,Diesel,1200
Toyota Avanza 1.3 G M/T,2014,11,218881487,Manual,Bensin,1300
Mitsubishi Xpander GLS M/T,2020,5,255851335,Manual,Bensin,1500
Wuling Almaz RS,2020,5,116751988,Manual,Diesel,1500
Wuling Confero S,2017,8,272446672,Manual,Diesel,1500
Mitsubishi Xpander GLS M/T,2012,13,206523896,Manual,Diesel,1500
Mazda CX-5 Elite,2013,12,115381945,Manual,Diesel,2500
Toyota Yaris E CVT,2020,5,327671628,Manual,Bensin,1500
Nissan Livina VE AT,2019,6,290064578,Manual,Diesel,1500
Suzuki Baleno M/T,2024,1,349355670,Manual,Diesel,1500
Hyundai Stargazer Active,2014,11,370214241,Manual,Diesel,1500
Hyundai Creta Trend,2023,2,150087277,Otomatis,Diesel,1500
Nissan Livina VE AT,2018,7,189268379,Otomatis,Diesel,1500
Toyota Avanza 1.3 G M/T,2015,10,262911287,Otomatis,Bensin,1300
Honda City Hatchback RS,2019,6,230528912,Manual,Bensin,1500
Mazda CX-5 Elite,2014,11,175207506,Manual,Diesel,2500
Wuling Confero S,2023,2,185981713,Otomatis,Diesel,1500
Honda City Hatchback RS,2019,6,359417489,Manual,Diesel,1500
Honda City Hatchback RS,2021,4,341034859,Manual,Bensin,1500
Hyundai Creta Trend,2016,9,256568976,Otomatis,Diesel,1500
Mitsubishi Xpander GLS M/T,2021,4,186718323,Manual,Bensin,1500
Wuling Almaz RS,2024,1,332999373,Otomatis,Bensin,1500
Wuling Almaz RS,2021,4,127794305,Otomatis,Diesel,1500
Mitsubishi Xpander GLS M/T,2014,11,366371227,Manual,Bensin,1500
Mitsubishi Pajero Sport Dakar,2013,12,148256350,Manual,Diesel,2500
Honda Brio Satya E CVT,2024,1,271106816,Otomatis,Bensin,1200
Daihatsu Xenia R Deluxe,2017,8,169993730,Manual,Diesel,1300
Nissan Livina VE AT,2017,8,380404781,Otomatis,Bensin,1500
Hyundai Creta Trend,2022,3,304132883,Otomatis,Bensin,1500
Daihatsu Terios R AT,2021,4,273534996,Otomatis,Diesel,1500
Hyundai Creta Trend,2016,9,93393441,Manual,Diesel,1500
Mitsubishi Pajero Sport Dakar,2024,1,359734875,Manual,Diesel,2500
Suzuki Ertiga GL M/T,2019,6,179920500,Manual,Diesel,1500
Daihatsu Terios R AT,2021,4,208337970,Manual,Bensin,1500
Mitsubishi Xpander GLS M/T,2022,3,98174363,Otomatis,Diesel,1500
